Title,Release_Date,Budget,Revenue,Rating,pred_revenue,pred_rating,success_label,poster_path,director,genre,scraped_at,data_notes
Spider-Man: Brand New Day,2026-07-29,225000000,1155469617,7.954,624839872.0,7.275523918113624,Blockbuster Hit,/iPOn6DinuVyLY17YM9mKuPofV08.jpg,Destin Daniel Cretton,"Science Fiction, Action, Adventure",2026-08-06 04:46:59,
The Dark Knight,2008-07-16,185000000,1004558444,8.534,173594848.0,7.272171702375098,Critical Darling,/qJ2tW6WMUDux911r6m7haRef0WH.jpg,Christopher Nolan,"Action, Crime, Thriller",2026-08-06 23:54:02,"Trailer found, but no pre-release comments were retrieved (comments may be disabled) — YouTube comment-sentiment features were neutral-filled."
Insidious: Out of the Further,2026-08-19,0,0,0.0,2412580.75,6.785510446217615,Flop,/4tTrW9dXCByS5wt2pXVWb58zNjz.jpg,Jacob Chase,"Horror, Thriller",2026-08-07 01:00:54,Budget not reported by TMDB — financial success was judged against a flat $100M revenue proxy instead of the usual 2.5× budget rule.
Supergirl,2026-06-24,175000000,125901095,6.7,477160800.0,7.051318274269602,Blockbuster Hit,/1QCWdqzTfh2x9UylVpspIU6QTuM.jpg,Craig Gillespie,"Action, Adventure, Science Fiction",2026-08-07 01:15:16,
Evil Dead Burn,2026-07-07,20000000,66599417,7.905,55661156.0,6.868481747880563,Commercial Success,/7JFVcU1uzv9zCfyMzLrsU04t8BU.jpg,Sébastien Vaniček,"Horror, Thriller",2026-08-07 02:06:25,
Backrooms,2026-05-27,10000000,394954461,7.104,160015824.0,7.073125126755101,Blockbuster Hit,/rhGx6E3qRNMgj3i5su2oukNHwIQ.jpg,Kane Parsons,"Horror, Mystery, Science Fiction",2026-08-07 02:08:26,
Spider-Man: No Way Home,2021-12-15,200000000,1921426073,7.9,1661209984.0,7.431085495554556,Blockbuster Hit,/1g0dhYtq4irTY1GPXvft6k4YLjm.jpg,Jon Watts,"Action, Adventure, Science Fiction",2026-08-07 02:29:54,
The Odyssey,2026-07-15,250000000,930896155,8.0,852955968.0,7.217621687008326,Blockbuster Hit,/5rhTDKUhPYvpdQIijFIs5VoWsON.jpg,Christopher Nolan,"Adventure, Action, Fantasy",2026-08-07 03:01:26,
Avengers: Doomsday,2026-12-16,0,0,0.0,8923612.0,6.860534027070166,Flop,/cWXtJhrlruF8CeYuaBGE8vdj3Q9.jpg,Joe Russo,"Science Fiction, Action, Adventure",2026-08-07 03:03:11,Budget not reported by TMDB — financial success was judged against a flat $100M revenue proxy instead of the usual 2.5× budget rule. | No pre-release Reddit posts found — Reddit sentiment features were neutral-filled rather than reflecting real audience discussion.
Primetime,2026-09-23,0,0,0.0,6916497.0,6.773298031695672,Flop,/lmrulvLbmaejTix1YaMxo1oGhH1.jpg,Lance Oppenheim,"Crime, Drama, Thriller",2026-08-07 03:14:14,Budget not reported by TMDB — financial success was judged against a flat $100M revenue proxy instead of the usual 2.5× budget rule.
