Title,Release_Date,search_title,after_date,before_date,post_count,avg_compound,avg_positive,avg_negative,avg_neutral,positive_ratio,negative_ratio,total_score,avg_num_comments
Mortal Kombat,7/4/2021,Mortal Kombat,7/1/2021,7/4/2021,100,-0.0725,0.0281,0.0678,0.9041,0.11,0.25,4934,10.96
Spider-Man: No Way Home,15/12/2021,Spider Man No Way Home,16/9/2021,15/12/2021,100,-0.2367,0.0331,0.2056,0.7614,0.14,0.82,2186,13.35
Superman,9/7/2025,Superman,10/4/2025,9/7/2025,100,0.1676,0.0823,0.0436,0.8741,0.41,0.22,10643,28.15
Dune,15/9/2021,Dune,17/6/2021,15/9/2021,100,0.1054,0.0844,0.0631,0.8525,0.35,0.24,51614,86.61
Avatar: The Way of Water,14/12/2022,Avatar The Way of Water,15/9/2022,14/12/2022,100,0.1292,0.0528,0.0079,0.9393,0.26,0.06,3461,28.5
Oppenheimer,19/7/2023,Oppenheimer,20/4/2023,19/7/2023,100,0.2057,0.0859,0.0447,0.8694,0.44,0.2,247,9.35
The Batman,1/3/2022,The Batman,1/12/2021,1/3/2022,100,0.0807,0.0643,0.0401,0.8956,0.31,0.13,38489,31.9
Barbie,19/7/2023,Barbie,20/4/2023,19/7/2023,100,0.1967,0.0918,0.0469,0.8613,0.47,0.18,784,11.82
David,14/12/2025,David,15/9/2025,14/12/2025,100,0.1071,0.0645,0.052,0.8835,0.38,0.18,36203,34.37
The Tomorrow War,3/9/2021,The Tomorrow War,5/6/2021,3/9/2021,100,-0.4913,0.0592,0.3133,0.6274,0.11,0.89,584,15.24
Zack Snyder's Justice League,18/3/2021,Zack Snyder's Justice League,18/12/2020,18/3/2021,100,0.533,0.276,0.0302,0.6939,0.99,0.01,71996,217.37
Black Widow,7/7/2021,Black Widow,8/4/2021,7/7/2021,100,0.1275,0.1088,0.0357,0.8555,0.44,0.15,6605,21.47
The Flash,13/6/2023,The Flash,15/3/2023,13/6/2023,94,0.049,0.044,0.027,0.929,0.2128,0.1277,8871,55.28
The Suicide Squad,28/7/2021,The Suicide Squad,29/4/2021,28/7/2021,92,-0.6241,0.0445,0.3534,0.602,0.0217,0.9674,32994,38.38
Deadpool & Wolverine,24/7/2024,Deadpool Wolverine,25/4/2024,24/7/2024,89,0.0871,0.0594,0.0249,0.9157,0.2472,0.1236,3692,13.43
Cruella,26/5/2021,Cruella,25/2/2021,26/5/2021,88,0.0041,0.0386,0.0449,0.9166,0.1705,0.125,1155,12.66
Top Gun: Maverick,21/5/2022,Top Gun Maverick,20/2/2022,21/5/2022,80,0.0838,0.2011,0.187,0.612,0.3125,0.625,29037,83.67
Sonic the Hedgehog,12/2/2020,Sonic the Hedgehog,14/11/2019,12/2/2020,80,0.0851,0.05,0.0274,0.9226,0.2625,0.1375,41856,37.95
Prey,2/8/2022,Prey,4/5/2022,2/8/2022,79,-0.0771,0.0191,0.0735,0.9074,0.1013,0.2278,85714,133.38
Luca,17/6/2021,Luca,19/3/2021,17/6/2021,75,0.0469,0.0445,0.0188,0.9366,0.24,0.08,66537,67.04
Scream,12/1/2022,Scream,14/10/2021,12/1/2022,71,-0.3827,0.0494,0.2978,0.6529,0.1127,0.8592,13795,50.68
Soul,25/12/2020,Soul,26/9/2020,25/12/2020,68,0.1238,0.0877,0.0378,0.8745,0.3824,0.1324,29113,23.57
Doctor Strange in the Multiverse of Madness,4/5/2022,Doctor Strange in the Multiverse of Madness,3/2/2022,4/5/2022,63,-0.4943,0.0465,0.3218,0.6318,0.0159,0.9841,88562,141.17
Fast X,17/5/2023,Fast X,16/2/2023,17/5/2023,58,-0.034,0.0389,0.0518,0.9093,0.1897,0.2241,24422,26.6
Black Panther: Wakanda Forever,9/11/2022,Black Panther Wakanda Forever,11/8/2022,9/11/2022,58,0.0804,0.0645,0.0301,0.9054,0.2759,0.0862,39032,150.03
Shang-Chi and the Legend of the Ten Rings,1/9/2021,Shang Chi and the Legend of the Ten Rings,3/6/2021,1/9/2021,57,0.227,0.0939,0.0027,0.9034,0.5088,0.0175,50646,115.3
Scream VI,8/3/2023,Scream VI,8/12/2022,8/3/2023,56,-0.3856,0.028,0.3287,0.6433,0.0357,0.9107,77011,103.25
John Wick: Chapter 4,21/3/2023,John Wick Chapter 4,21/12/2022,21/3/2023,55,0.0801,0.0483,0.0113,0.9404,0.2545,0.0364,47711,75.85
Avatar: Fire and Ash,17/12/2025,Avatar Fire and Ash,18/9/2025,17/12/2025,54,-0.1056,0.0675,0.1716,0.7609,0.2963,0.7037,56305,220.74
Free Guy,11/8/2021,Free Guy,13/5/2021,11/8/2021,54,0.5129,0.2958,0.0315,0.6727,0.9259,0.0741,1030,9.09
Dune: Part Two,27/2/2024,Dune Part Two,29/11/2023,27/2/2024,53,-0.0265,0.0426,0.0356,0.9218,0.1887,0.1321,21899,72.49
The Little Mermaid,18/5/2023,The Little Mermaid,17/2/2023,18/5/2023,53,0.0114,0.0303,0.0419,0.9278,0.1321,0.1509,1944,54.79
Fall,11/8/2022,Fall,13/5/2022,11/8/2022,52,0.2144,0.1302,0.0534,0.8163,0.5192,0.1923,10582,46.94
Nobody,18/3/2021,Nobody,18/12/2020,18/3/2021,52,0.213,0.0824,0.0177,0.8998,0.4038,0.0577,4801,19.19
No Time to Die,29/9/2021,No Time to Die,1/7/2021,29/9/2021,48,-0.5971,0.0452,0.3733,0.5815,0.0833,0.8958,3166,31.88
Spider-Man: Across the Spider-Verse,31/5/2023,Spider Man Across the Spider Verse,2/3/2023,31/5/2023,47,0.0601,0.0341,0.0029,0.963,0.1277,0.0213,43229,68
One Battle After Another,23/9/2025,One Battle After Another,25/6/2025,23/9/2025,46,-0.1848,0.0583,0.1765,0.7652,0.2609,0.7391,17176,62.2
Kingdom of the Planet of the Apes,8/5/2024,Kingdom of the Planet of the Apes,8/2/2024,8/5/2024,43,0.135,0.0507,0.0011,0.9482,0.3023,0,10457,55.58
Venom: The Last Dance,22/10/2024,Venom The Last Dance,24/7/2024,22/10/2024,42,0.0813,0.0311,0.0031,0.9658,0.1667,0.0238,3778,24.57
Alien: Romulus,13/8/2024,Alien Romulus,15/5/2024,13/8/2024,41,0.0016,0.0347,0.0388,0.9265,0.122,0.1707,28837,108.78
Snow White,19/3/2025,Snow White,19/12/2024,19/3/2025,40,0.0059,0.0972,0.1008,0.802,0.35,0.375,1300,21.68
Sinners,16/4/2025,Sinners,16/1/2025,16/4/2025,38,0.1115,0.0752,0.0471,0.8778,0.2895,0.1842,10226,56.21
Mickey 17,28/2/2025,Mickey 17,30/11/2024,28/2/2025,38,0.177,0.0762,0.0237,0.9001,0.3421,0.0789,20012,27.29
The Super Mario Bros. Movie,5/4/2023,The Super Mario Bros. Movie,5/1/2023,5/4/2023,37,0.6352,0.2904,0.0114,0.6982,1,0,41795,111.14
Frankenstein,17/10/2025,Frankenstein,19/7/2025,17/10/2025,36,0.0687,0.0622,0.0429,0.8949,0.3056,0.1667,18427,45.33
Guardians of the Galaxy Vol. 3,3/5/2023,Guardians of the Galaxy Vol. 3,2/2/2023,3/5/2023,35,0.1788,0.0842,0.0138,0.9021,0.4,0.0571,13703,70.57
Thunderbolts*,30/4/2025,Thunderbolts*,30/1/2025,30/4/2025,34,0.1383,0.118,0.0522,0.8298,0.4118,0.1765,16922,123
Terrifier 3,9/10/2024,Terrifier 3,11/7/2024,9/10/2024,34,-0.1113,0.0206,0.1143,0.8651,0.1471,0.4118,6941,43.94
Gladiator II,13/11/2024,Gladiator II,15/8/2024,13/11/2024,34,0.0743,0.0635,0.0211,0.9154,0.2059,0.0882,10600,83.09
Kung Fu Panda 4,2/3/2024,Kung Fu Panda 4,3/12/2023,2/3/2024,33,-0.6253,0.0239,0.3689,0.6072,0.0606,0.9394,4948,31.45
Turning Red,10/3/2022,Turning Red,10/12/2021,10/3/2022,33,0.1274,0.0844,0.0345,0.8811,0.3636,0.1515,25901,209.7
Road House,8/3/2024,Road House,9/12/2023,8/3/2024,33,0.0615,0.0481,0.0404,0.9115,0.1818,0.2121,30000,232.3
Transformers: Rise of the Beasts,6/6/2023,Transformers Rise of the Beasts,8/3/2023,6/6/2023,32,0.0602,0.0148,0.0022,0.9829,0.125,0,5494,52.78
Weapons,4/8/2025,Weapons,6/5/2025,4/8/2025,31,-0.2167,0.0757,0.273,0.6513,0.2581,0.7097,30501,80.74
28 Years Later,18/6/2025,28 Years Later,20/3/2025,18/6/2025,30,0.1057,0.0528,0.0314,0.9159,0.3,0.1667,24992,73.73
Animal,1/12/2023,Animal,2/9/2023,1/12/2023,30,0.239,0.0882,0.0299,0.8819,0.4333,0.1,195,6.9
Sonic the Hedgehog 3,19/12/2024,Sonic the Hedgehog 3,20/9/2024,19/12/2024,29,0.1523,0.0636,0.0148,0.9216,0.2414,0.069,10647,60.93
Wicked,16/10/2024,Wicked,18/7/2024,16/10/2024,29,-0.4075,0.0728,0.3345,0.5927,0.1379,0.8621,26,16.03
Sonic the Hedgehog 2,30/3/2022,Sonic the Hedgehog 2,30/12/2021,30/3/2022,29,0.0643,0.0259,0.0099,0.9642,0.1379,0.0345,77355,165.9
Bugonia,23/10/2025,Bugonia,25/7/2025,23/10/2025,28,0.1662,0.0693,0.0296,0.9012,0.3214,0.1786,7219,40.39
F1,25/6/2025,F1,27/3/2025,25/6/2025,27,0.1808,0.0876,0.0132,0.8991,0.3704,0.1111,3065,41.7
TRON: Ares,8/10/2025,TRON Ares,10/7/2025,8/10/2025,26,0.1238,0.0452,0.0219,0.9329,0.3077,0.1154,14288,145.5
Godzilla x Kong: The New Empire,27/3/2024,Godzilla x Kong The New Empire,28/12/2023,27/3/2024,26,-0.0444,0.0012,0.0128,0.986,0.0385,0.0769,12383,88.27
The Naked Gun,30/7/2025,The Naked Gun,1/5/2025,30/7/2025,26,-0.1298,0.0524,0.222,0.7258,0.1923,0.7308,216213,331.31
Peninsula,15/7/2020,Peninsula,16/4/2020,15/7/2020,25,0.0588,0.0256,0.0063,0.9681,0.16,0.08,26286,35.44
Ballerina,4/6/2025,Ballerina,6/3/2025,4/6/2025,24,-0.052,0.0282,0.0458,0.926,0.2083,0.2083,46828,279.38
Furiosa: A Mad Max Saga,22/5/2024,Furiosa A Mad Max Saga,22/2/2024,22/5/2024,24,-0.5533,0.0258,0.2555,0.7187,0,0.9583,5963,81.38
Mission: Impossible - The Final Reckoning,17/5/2025,Mission Impossible The Final Reckoning,16/2/2025,17/5/2025,23,0.1803,0.0533,0.0262,0.9206,0.3913,0.1304,9211,99.26
The Running Man,11/11/2025,The Running Man,13/8/2025,11/11/2025,22,-0.0692,0.0598,0.0641,0.8761,0.2273,0.3636,4431,67.32
Jurassic World Rebirth,23/6/2025,Jurassic World Rebirth,25/3/2025,23/6/2025,21,0.2768,0.0943,0.0235,0.8821,0.4762,0.0476,6828,138.95
Captain America: Brave New World,12/2/2025,Captain America Brave New World,14/11/2024,12/2/2025,21,0.4849,0.2688,0.0338,0.6975,0.8571,0.0952,14664,183.24
Wrath of Man,22/4/2021,Wrath of Man,22/1/2021,22/4/2021,21,0.0278,0.0074,0.0068,0.9858,0.0476,0.0476,1420,18.14
Kraven the Hunter,11/12/2024,Kraven the Hunter,12/9/2024,11/12/2024,20,0.1123,0.0739,0.0588,0.8672,0.35,0.15,29,8.65
Everything Everywhere All at Once,24/3/2022,Everything Everywhere All at Once,24/12/2021,24/3/2022,19,0.0249,0.0476,0.0343,0.918,0.2632,0.1579,9719,31.58
Predator: Badlands,5/11/2025,Predator Badlands,7/8/2025,5/11/2025,18,0.2169,0.0545,0.0174,0.9281,0.3333,0,7686,64.89
Meg 2: The Trench,2/8/2023,Meg 2 The Trench,4/5/2023,2/8/2023,18,0.0234,0.0071,0,0.9929,0.0556,0,6803,77.56
Elemental,14/6/2023,Elemental,16/3/2023,14/6/2023,18,0.1385,0.0539,0.0068,0.9394,0.2778,0.0556,2051,95.94
Zootopia 2,26/11/2025,Zootopia 2,28/8/2025,26/11/2025,17,0.1779,0.0524,0.0356,0.912,0.2941,0.0588,6496,48.18
The Substance,7/9/2024,The Substance,9/6/2024,7/9/2024,16,0.0259,0.0357,0.0594,0.9048,0.25,0.1875,1903,26.62
Lilo & Stitch,17/5/2025,Lilo Stitch,16/2/2025,17/5/2025,16,0.0333,0.0519,0.0409,0.9073,0.25,0.1875,7268,142.25
Bodies Bodies Bodies,5/8/2022,Bodies Bodies Bodies,7/5/2022,5/8/2022,16,0.0937,0.1097,0.0521,0.8381,0.25,0.1875,556,15.94
Marty Supreme,19/12/2025,Marty Supreme,20/9/2025,19/12/2025,15,0.5817,0.2652,0.0791,0.6557,0.9333,0.0667,15748,166.87
Anyone But You,21/12/2023,Anyone But You,22/9/2023,21/12/2023,15,-0.0719,0.0248,0.0895,0.8856,0.2,0.3333,519,43.53
Anora,14/10/2024,Anora,16/7/2024,14/10/2024,15,0.156,0.0835,0.0025,0.914,0.3333,0,3288,25.53
How to Train Your Dragon,6/6/2025,How to Train Your Dragon,8/3/2025,6/6/2025,14,0.1105,0.0431,0.0434,0.9136,0.2857,0.2143,853,21
Evil Dead Rise,12/4/2023,Evil Dead Rise,12/1/2023,12/4/2023,14,-0.8718,0.0311,0.5243,0.4446,0,1,3492,34.07
Hamnet,26/11/2025,Hamnet,28/8/2025,26/11/2025,13,0.3673,0.1032,0.0152,0.8815,0.4615,0,3731,49.77
Elio,18/6/2025,Elio,20/3/2025,18/6/2025,13,0.2539,0.1,0.0285,0.8715,0.4615,0.1538,445,30.08
Insidious: The Red Door,5/7/2023,Insidious The Red Door,6/4/2023,5/7/2023,13,0.0022,0.0208,0.0021,0.9772,0.0769,0.0769,3873,86.85
Wake Up Dead Man: A Knives Out Mystery,26/11/2025,Wake Up Dead Man A Knives Out Mystery,28/8/2025,26/11/2025,13,-0.6467,0.0226,0.3069,0.6705,0,0.9231,44941,206.92
Sing 2,1/12/2021,Sing 2,2/9/2021,1/12/2021,13,0.0663,0.0318,0,0.9682,0.1538,0,120,4.46
Mufasa: The Lion King,18/12/2024,Mufasa The Lion King,19/9/2024,18/12/2024,12,0.013,0.0373,0.0171,0.9456,0.1667,0.25,493,17.08
Minions: The Rise of Gru,29/6/2022,Minions The Rise of Gru,31/3/2022,29/6/2022,12,0.042,0.0028,0,0.9972,0.0833,0,97,4.25
The Lost City,23/3/2022,The Lost City,23/12/2021,23/3/2022,12,-0.1868,0.0625,0.2124,0.725,0.25,0.75,5892,126.42
The Wild Robot,12/9/2024,The Wild Robot,14/6/2024,12/9/2024,11,0.417,0.0703,0,0.9297,0.6364,0,1064,23.64
A Working Man,26/3/2025,A Working Man,26/12/2024,26/3/2025,11,-0.0996,0.0089,0.0422,0.9489,0.0909,0.1818,7689,240.27
Final Destination Bloodlines,14/5/2025,Final Destination Bloodlines,13/2/2025,14/5/2025,11,-0.0731,0.0132,0.046,0.9407,0,0.1818,12806,85.18
Aquaman and the Lost Kingdom,20/12/2023,Aquaman and the Lost Kingdom,21/9/2023,20/12/2023,11,-0.3182,0,0.2353,0.7647,0,1,799,53.82
Encanto,13/10/2021,Encanto,15/7/2021,13/10/2021,11,0.0449,0.0296,0.0084,0.962,0.1818,0,6498,109
Moana 2,21/11/2024,Moana 2,23/8/2024,21/11/2024,10,0.1817,0.15,0,0.85,0.5,0,353,18.4
Greenland,29/7/2020,Greenland,30/4/2020,29/7/2020,10,-0.2738,0.0323,0.1385,0.8292,0.1,0.5,559,35.8
Fantastic Beasts: The Secrets of Dumbledore,6/4/2022,Fantastic Beasts The Secrets of Dumbledore,6/1/2022,6/4/2022,10,0.5196,0.2466,0.0121,0.7413,0.9,0.1,5887,232.4
Pleasure,8/10/2021,Pleasure,10/7/2021,8/10/2021,10,0.3826,0.2556,0.1446,0.5996,0.8,0.2,920,28.8
Nobody 2,13/8/2025,Nobody 2,15/5/2025,13/8/2025,10,0.0728,0.0616,0.0433,0.8951,0.2,0.2,933,11.7
Inside Out 2,11/6/2024,Inside Out 2,13/3/2024,11/6/2024,9,-0.1932,0.0526,0.1238,0.8237,0.1111,0.3333,2457,24.89
Anaconda,24/12/2025,Anaconda,25/9/2025,24/12/2025,9,0.1787,0.08,0.0211,0.8989,0.3333,0.1111,62,21.11
The Beekeeper,8/1/2024,The Beekeeper,10/10/2023,8/1/2024,9,0.2459,0.0771,0.0421,0.8806,0.5556,0.1111,54,7.44
RRR,24/3/2022,RRR,24/12/2021,24/3/2022,9,0.0619,0.0237,0,0.9763,0.1111,0,319,15.56
Bad Boys: Ride or Die,5/6/2024,Bad Boys Ride or Die,7/3/2024,5/6/2024,9,-0.8098,0.0423,0.4919,0.4658,0,1,731,111.78
Expend4bles,15/9/2023,Expend4bles,17/6/2023,15/9/2023,9,0.0188,0.0088,0.0102,0.981,0.1111,0.1111,9,6.44
KPop Demon Hunters,20/6/2025,KPop Demon Hunters,22/3/2025,20/6/2025,8,0.1421,0.0324,0.0204,0.9474,0.25,0,10,2.38
The Conjuring: Last Rites,3/9/2025,The Conjuring Last Rites,5/6/2025,3/9/2025,8,0.0848,0.04,0.0121,0.9479,0.25,0,4251,116.75
Nuremberg,6/11/2025,Nuremberg,8/8/2025,6/11/2025,8,0.2997,0.0574,0.0674,0.8752,0.5,0.125,23766,244.75
The Idea of You,2/5/2024,The Idea of You,2/2/2024,2/5/2024,8,0.3466,0.0899,0.0132,0.8969,0.625,0,175,29.88
Deep Water,17/3/2022,Deep Water,17/12/2021,17/3/2022,8,-0.0838,0,0.0441,0.9559,0,0.25,1711,83.12
The Bad Guys 2,24/7/2025,The Bad Guys 2,25/4/2025,24/7/2025,7,-0.6047,0,0.3731,0.6269,0,1,38,2.71
Migration,6/12/2023,Migration,7/9/2023,6/12/2023,7,-0.0088,0.0497,0.0484,0.9017,0.1429,0.1429,17,1.14
After We Fell,1/9/2021,After We Fell,3/6/2021,1/9/2021,6,0.1263,0.0353,0.0083,0.9562,0.1667,0,4,0.67
War of the Worlds,29/7/2025,War of the Worlds,30/4/2025,29/7/2025,6,-0.4239,0.0578,0.2185,0.7237,0.1667,0.8333,1574,57.83
Despicable Me 4,20/6/2024,Despicable Me 4,22/3/2024,20/6/2024,6,-0.0567,0,0.0163,0.9837,0,0.1667,2314,51.83
Chainsaw Man - The Movie: Reze Arc,19/9/2025,Chainsaw Man The Movie Reze Arc,21/6/2025,19/9/2025,6,0.0702,0.0248,0,0.9752,0.1667,0,1910,30.67
A Minecraft Movie,31/3/2025,A Minecraft Movie,31/12/2024,31/3/2025,6,0,0,0,1,0,0,1,23.67
The Gorge,13/2/2025,The Gorge,15/11/2024,13/2/2025,6,0.0567,0.0067,0,0.9933,0.1667,0,663,57.17
The Voyeurs,25/8/2021,The Voyeurs,27/5/2021,25/8/2021,6,0.2831,0.155,0,0.845,0.5,0,79,10.33
Last Summer,13/9/2023,Last Summer,15/6/2023,13/9/2023,6,0.2507,0.0875,0,0.9125,0.5,0,65,3.33
The Equalizer 3,30/8/2023,The Equalizer 3,1/6/2023,30/8/2023,6,0.0506,0.0602,0.0102,0.9297,0.3333,0.1667,25,1.5
The Housemaid,18/12/2025,The Housemaid,19/9/2025,18/12/2025,5,0.0697,0.0828,0.047,0.8702,0.4,0.2,1,15.8
The SpongeBob Movie: Search for SquarePants,16/12/2025,The SpongeBob Movie Search for SquarePants,17/9/2025,16/12/2025,5,0.1665,0.051,0.0334,0.9156,0.2,0.2,227,15.2
I Swear,22/9/2025,I Swear,24/6/2025,22/9/2025,5,-0.0218,0.0408,0.1066,0.8526,0.2,0.8,2,7.6
The Garfield Movie,30/4/2024,The Garfield Movie,31/1/2024,30/4/2024,5,-0.2434,0.0136,0.0754,0.9108,0,0.4,5,4.6
The Lost Bus,19/9/2025,The Lost Bus,21/6/2025,19/9/2025,5,-0.3887,0.0126,0.209,0.7786,0,1,819,28.4
Wolfs,20/9/2024,Wolfs,22/6/2024,20/9/2024,5,-0.1651,0,0.0578,0.9422,0,0.4,110,7.2
Now You See Me: Now You Don't,12/11/2025,Now You See Me Now You Don't,14/8/2025,12/11/2025,4,-0.074,0,0.0418,0.9583,0,0.25,3956,224.5
Dollhouse,13/6/2025,Dollhouse,15/3/2025,13/6/2025,4,-0.0683,0,0.0307,0.9692,0,0.25,30,8.75
365 Days,7/2/2020,365 Days,9/11/2019,7/2/2020,4,0.4967,0.1347,0.051,0.8143,0.75,0,161,33.75
Sisu: Road to Revenge,21/10/2025,Sisu Road to Revenge,23/7/2025,21/10/2025,4,-0.5051,0.0315,0.3013,0.6673,0,1,8475,190.25
Flag Day,20/8/2021,Flag Day,22/5/2021,20/8/2021,4,0.0862,0.0795,0.0285,0.892,0.25,0.25,224,12.75
After We Collided,2/9/2020,After We Collided,4/6/2020,2/9/2020,4,0.2003,0.1023,0,0.8978,0.5,0,4,0.25
Primitive War,21/8/2025,Primitive War,23/5/2025,21/8/2025,4,-0.6557,0.0155,0.3117,0.6725,0,1,1475,98.5
The Amateur,9/4/2025,The Amateur,9/1/2025,9/4/2025,4,0.2387,0.106,0.0243,0.8698,0.25,0,12,6.5
Redux Redux,28/12/2025,Redux Redux,29/9/2025,28/12/2025,3,-0.9313,0,0.3093,0.6907,0,1,719,15.33
Puss in Boots: The Last Wish,7/12/2022,Puss in Boots The Last Wish,8/9/2022,7/12/2022,3,0.3123,0.1803,0.0667,0.753,0.6667,0.3333,356,30
Black Phone 2,15/10/2025,Black Phone 2,17/7/2025,15/10/2025,3,0.1579,0.0397,0.0387,0.9217,0.3333,0,716,55
K.G.F: Chapter 2,14/4/2022,K.G.F Chapter 2,14/1/2022,14/4/2022,3,0,0,0,1,0,0,2,0.33
Ice Road: Vengeance,27/6/2025,Ice Road Vengeance,29/3/2025,27/6/2025,3,0.134,0.0363,0.015,0.9487,0.3333,0,4605,360
Play Dirty,30/9/2025,Play Dirty,2/7/2025,30/9/2025,3,-0.128,0.1517,0.1733,0.6753,0,1,1699,302
Jujutsu Kaisen 0,24/12/2021,Jujutsu Kaisen 0,25/9/2021,24/12/2021,3,0,0,0,1,0,0,356,27.67
Playdate,4/11/2025,Playdate,6/8/2025,4/11/2025,3,-0.1273,0.015,0.032,0.953,0,0.3333,2308,153
Demon Slayer: Kimetsu no Yaiba Infinity Castle,18/7/2025,Demon Slayer Kimetsu no Yaiba Infinity Castle,19/4/2025,18/7/2025,2,-0.296,0,0.1815,0.8185,0,1,710,61.5
Dhurandhar,5/12/2025,Dhurandhar,6/9/2025,5/12/2025,2,0.3502,0.052,0.0365,0.9115,0.5,0,1,4.5
Revelations,20/3/2025,Revelations,20/12/2024,20/3/2025,2,-0.273,0.062,0.163,0.775,0,1,148,15.5
365 Days: This Day,26/4/2022,365 Days This Day,26/1/2022,26/4/2022,2,0,0,0,1,0,0,7,14.5
Five Nights at Freddy's 2,3/12/2025,Five Nights at Freddy's 2,4/9/2025,3/12/2025,2,0,0,0,1,0,0,674,48.5
Past Lives,2/6/2023,Past Lives,4/3/2023,2/6/2023,2,-0.2633,0,0.067,0.933,0,0.5,511,38
Flow,29/8/2024,Flow,31/5/2024,29/8/2024,2,0.1784,0.144,0.108,0.748,0.5,0,2225,69.5
You Won't Be Alone,1/4/2022,You Won't Be Alone,1/1/2022,1/4/2022,2,0.1877,0.189,0,0.811,1,0,0,0
Redeeming Love,21/1/2022,Redeeming Love,23/10/2021,21/1/2022,2,0.7272,0.5695,0,0.4305,1,0,2,0.5
Ne Zha 2,29/1/2025,Ne Zha 2,31/10/2024,29/1/2025,1,0.5106,0.231,0,0.769,1,0,1,0
Our Fault,15/10/2025,Our Fault,17/7/2025,15/10/2025,1,0.296,0.247,0.24,0.514,1,0,1,0
The Last Viking,9/10/2025,The Last Viking,11/7/2025,9/10/2025,1,-0.8807,0,0.29,0.71,0,1,351,32
How to Have Sex,2/11/2023,How to Have Sex,4/8/2023,2/11/2023,1,0.5106,0.163,0,0.837,1,0,0,10
The Next 365 Days,18/8/2022,The Next 365 Days,20/5/2022,18/8/2022,1,0,0,0,1,0,0,0,10
Hunting Season,5/12/2025,Hunting Season,6/9/2025,5/12/2025,1,0,0,0,1,0,0,0,12
Exit 8,28/8/2025,Exit 8,30/5/2025,28/8/2025,1,0,0,0,1,0,0,20,11
Exhuma,22/2/2024,Exhuma,24/11/2023,22/2/2024,1,0.5106,0.292,0,0.708,1,0,1,0
In Your Dreams,7/11/2025,In Your Dreams,9/8/2025,7/11/2025,1,0.4019,0.278,0,0.722,1,0,183,57
Alienoid,20/7/2022,Alienoid,21/4/2022,20/7/2022,1,0,0,0,1,0,0,10,3
Sidelined: The QB and Me,6/2/2025,Sidelined The QB and Me,8/11/2024,6/2/2025,1,0,0,0,1,0,0,1,0
Graphic Desires,31/8/2023,Graphic Desires,2/6/2023,31/8/2023,0,,,,,,,0,0
The Shadow's Edge,16/8/2025,The Shadow's Edge,18/5/2025,16/8/2025,0,,,,,,,0,0
The Holy Boy,17/9/2025,The Holy Boy,19/6/2025,17/9/2025,0,,,,,,,0,0
My Fault,8/6/2023,My Fault,10/3/2023,8/6/2023,0,,,,,,,0,0
Your Fault,26/12/2024,Your Fault,27/9/2024,26/12/2024,0,,,,,,,0,0
JUJUTSU KAISEN: Execution,7/11/2025,JUJUTSU KAISEN Execution,9/8/2025,7/11/2025,0,,,,,,,0,0
Worldbreaker,30/10/2025,Worldbreaker,1/8/2025,30/10/2025,0,,,,,,,0,0
My Fault: London,12/2/2025,My Fault London,14/11/2024,12/2/2025,0,,,,,,,0,0
The Fantastic 4: First Steps,23/7/2025,The Fantastic 4 First Steps,24/4/2025,23/7/2025,0,,,,,,,0,0
Kantara - A Legend: Chapter 1,1/10/2025,Kantara A Legend Chapter 1,3/7/2025,1/10/2025,0,,,,,,,0,0
Through My Window,4/2/2022,Through My Window,6/11/2021,4/2/2022,0,,,,,,,0,0
Tell Me What You Want,29/11/2024,Tell Me What You Want,31/8/2024,29/11/2024,0,,,,,,,0,0
Girl in the Basement,27/2/2021,Girl in the Basement,29/11/2020,27/2/2021,0,,,,,,,0,0
Solo Leveling -ReAwakening-,26/11/2024,Solo Leveling ReAwakening,28/8/2024,26/11/2024,0,,,,,,,0,0
Rodrigue in Love,18/6/2025,Rodrigue in Love,20/3/2025,18/6/2025,0,,,,,,,0,0
Saiyaara,18/7/2025,Saiyaara,19/4/2025,18/7/2025,0,,,,,,,0,0
I Am Frankelda,23/10/2025,I Am Frankelda,25/7/2025,23/10/2025,0,,,,,,,0,0
Rocky Aur Rani Kii Prem Kahaani,8/7/2023,Rocky Aur Rani Kii Prem Kahaani,9/4/2023,8/7/2023,0,,,,,,,0,0
The Crucifix: Blood of the Exorcist,9/1/2025,The Crucifix Blood of the Exorcist,11/10/2024,9/1/2025,0,,,,,,,0,0
The Boy and the Heron,14/7/2023,The Boy and the Heron,15/4/2023,14/7/2023,0,,,,,,,0,0
The Roundup,18/5/2022,The Roundup,17/2/2022,18/5/2022,0,,,,,,,0,0
The Legend of Hei 2,18/7/2025,The Legend of Hei 2,19/4/2025,18/7/2025,0,,,,,,,0,0
Burning Betrayal,25/10/2023,Burning Betrayal,27/7/2023,25/10/2023,0,,,,,,,0,0
Suzume,11/11/2022,Suzume,13/8/2022,11/11/2022,0,,,,,,,0,0
The Shrinking Man,22/10/2025,The Shrinking Man,24/7/2025,22/10/2025,0,,,,,,,0,0
Wildcat,19/11/2025,Wildcat,21/8/2025,19/11/2025,0,,,,,,,0,0
Hidden Face,20/11/2024,Hidden Face,22/8/2024,20/11/2024,0,,,,,,,0,0
The Tank,18/9/2025,The Tank,20/6/2025,18/9/2025,0,,,,,,,0,0
Demon Slayer -Kimetsu no Yaiba- The Movie: Mugen Train,16/10/2020,Demon Slayer Kimetsu no Yaiba The Movie Mugen Train,18/7/2020,16/10/2020,0,,,,,,,0,0
