Title,Release_Date,video_id,video_title,channel_name,video_published_at,video_view_count,likes,like_ratio,trailer_score,comment_count,avg_compound,avg_positive,avg_negative,avg_neutral,positive_ratio,negative_ratio,total_likes,weighted_compound,notes
Avatar: Fire and Ash,17/12/2025,nb_fFj_0rq8,Avatar: Fire and Ash | Official Trailer,Avatar,2025-07-28T15:00:09Z,45430397,673161,1,70,100,0.1142,0.1102,0.0994,0.7905,0.48,0.32,535861,0.0523,
Demon Slayer: Kimetsu no Yaiba Infinity Castle,18/7/2025,x7uLutVRBfI,Demon Slayer: Kimetsu no Yaiba Infinity Castle | MAIN TRAILER,Sony Pictures Entertainment,2025-06-28T14:01:35Z,13334745,280581,1,90,100,0.0834,0.1638,0.1577,0.6785,0.47,0.4,109834,0.1277,
Dhurandhar,5/12/2025,BKOVzHcjEIo,Dhurandhar Official Trailer | Ranveer Singh | Aditya Dhar | Storming Cinemas Worldwide,JioStudios,2025-11-18T06:50:49Z,99511761,900908,1,120,100,0.0536,0.1211,0.1232,0.7558,0.4,0.35,225010,0.1338,
After We Fell,1/9/2021,NYdNN6C9hfI,After We Fell | Official Trailer | Voltage Pictures,Voltage Pictures,2021-07-15T15:14:06Z,10220139,101829,1,120,100,0.2207,0.1742,0.0954,0.7304,0.55,0.28,58675,0.2583,
The Housemaid,18/12/2025,48CtX6OgU3s,"The Housemaid (2025) Official Trailer – Sydney Sweeney, Amanda Seyfried, Brandon Sklenar",Lionsgate Movies,2025-09-16T16:00:06Z,20584191,67738,1,120,100,0.3977,0.2054,0.0423,0.7522,0.71,0.12,92179,0.3433,
Predator: Badlands,5/11/2025,43R9l7EkJwE,Predator: Badlands | Official Trailer,20th Century Studios,2025-07-21T16:00:06Z,29769887,324601,1,120,100,0.242,0.1559,0.0731,0.771,0.55,0.22,213672,0.2524,
My Fault,8/6/2023,PaB7cGBuCP0,My Fault | Official Trailer | Prime Video,Amazon Prime Video UK & IE,2023-05-10T14:00:32Z,5841270,42382,1,115.84,100,0.269,0.2018,0.0494,0.7488,0.54,0.12,12238,0.4087,
Spider-Man: No Way Home,15/12/2021,JfVOs4VSpmA,SPIDER-MAN: NO WAY HOME - Official Trailer (HD),Sony Pictures Entertainment,2021-11-17T01:30:05Z,86319692,2957806,1,120,100,-0.1131,0.0755,0.1229,0.8016,0.27,0.5,386171,-0.1895,
Deadpool & Wolverine,24/7/2024,73_1biulkYk,Deadpool & Wolverine | Official Trailer | In Theaters July 26,Marvel Entertainment,2024-04-22T13:00:09Z,39530690,583738,1,120,100,0.2619,0.1628,0.0675,0.7697,0.63,0.17,329429,0.3226,
Jurassic World Rebirth,23/6/2025,jan5CFWs9ic,Jurassic World Rebirth | Official Trailer,Universal Pictures,2025-02-05T13:00:39Z,56351267,527510,1,120,100,0.0993,0.1051,0.0709,0.824,0.42,0.27,632298,-0.0925,
The Conjuring: Last Rites,3/9/2025,bMgfsdYoEEo,The Conjuring: Last Rites | Official Trailer,Warner Bros.,2025-07-31T16:00:56Z,26803807,230422,1,120,100,0.2593,0.1823,0.1124,0.7054,0.62,0.27,129760,0.0769,
Sinners,16/4/2025,7joulECTx_U,Sinners | Official Trailer 2,Warner Bros.,2025-01-28T17:00:11Z,32811359,178070,1,120,100,0.208,0.1394,0.0762,0.7844,0.53,0.24,121628,0.3624,
Now You See Me: Now You Don't,12/11/2025,uogrgIasYcA,Now You See Me: Now You Don’t (2025) - Official Trailer #2,Lionsgate Movies,2025-09-18T15:00:11Z,8749881,56022,1,118.75,100,0.2918,0.1925,0.062,0.7455,0.57,0.19,34478,0.1853,
Superman,9/7/2025,Ox8ZLF6cGM0,Superman | Official Trailer | DC,DC,2025-05-14T15:45:45Z,36898302,579151,1,70,100,0.4084,0.1895,0.0507,0.7597,0.68,0.17,504262,0.3963,
Inside Out 2,11/6/2024,LEjhY15eCx0,Inside Out 2 | Official Trailer,Pixar,2024-03-07T17:00:10Z,68985784,575457,1,70,100,0.254,0.182,0.105,0.7131,0.62,0.24,335874,0.3771,
JUJUTSU KAISEN: Execution,7/11/2025,Vo7G5Y212Gg,JUJUTSU KAISEN: Execution | Official Trailer,GKIDS Films,2025-09-19T01:00:30Z,1955033,67957,1,111.96,100,0.0965,0.1331,0.0829,0.7839,0.47,0.27,47586,0.1362,
365 Days: This Day,26/4/2022,pyM3z73oMAk,365 Days: This Day | Official Trailer | Netflix,Netflix,2022-04-07T14:00:00Z,26774582,181521,1,120,100,0.2996,0.1892,0.076,0.7348,0.62,0.19,118642,0.5215,
Chainsaw Man - The Movie: Reze Arc,19/9/2025,tAzAhDNdehs,CHAINSAW MAN – THE MOVIE: REZE ARC - Official Trailer (HD),Sony Pictures Entertainment,2025-07-03T23:50:00Z,1279715,31445,1,111.28,100,0.1265,0.118,0.0718,0.8102,0.37,0.18,15378,-0.0376,
The Substance,7/9/2024,LNlrGhBpYjc,THE SUBSTANCE | Official Trailer | In Theaters & On MUBI Now,MUBI,2024-08-15T13:00:19Z,17596211,75836,1,70,100,0.3056,0.2014,0.0734,0.7252,0.6,0.19,28375,0.5623,
Top Gun: Maverick,21/5/2022,giXco2jaZ_4,Top Gun: Maverick | NEW Official Trailer (2022 Movie) - Tom Cruise,Paramount Pictures,2022-03-29T13:00:01Z,44918688,326305,1,120,100,0.4455,0.1745,0.0454,0.7801,0.78,0.14,60063,0.614,
Worldbreaker,30/10/2025,hmjfXg7e1yk,THE INSTITUTE Official Trailer (2025) Stephen King,MovieGasm‍․com,2025-06-23T20:20:45Z,1924152,10955,1,61.92,100,0.3684,0.227,0.0441,0.7288,0.63,0.12,1659,0.5447,
Mission: Impossible - The Final Reckoning,17/5/2025,fsQgc9pCyDU,Mission: Impossible – The Final Reckoning | Official Trailer (2025 Movie) - Tom Cruise,Paramount Pictures,2025-04-07T13:00:01Z,28566865,228696,1,120,100,0.4104,0.1814,0.0391,0.7795,0.71,0.12,137466,0.2864,
Spider-Man: Across the Spider-Verse,31/5/2023,cqGjhVJWtEg,SPIDER-MAN: ACROSS THE SPIDER-VERSE - Official Trailer (HD),Sony Pictures Entertainment,2022-12-13T17:00:07Z,38232807,912163,1,120,100,0.5275,0.1757,0.0477,0.7766,0.81,0.09,292064,0.5817,
Sonic the Hedgehog 3,19/12/2024,qSu6i2iFMO0,"Sonic the Hedgehog 3 | Official Trailer (2024 Movie) Ben Schwartz, Jim Carrey, Keanu Reeves",Paramount Pictures,2024-08-27T13:00:12Z,30204994,388915,1,120,100,0.2234,0.1493,0.0667,0.784,0.6,0.25,352750,0.1963,
How to Train Your Dragon,6/6/2025,22w7z_lT6YM,How To Train Your Dragon | Official Trailer,Universal Pictures,2025-02-12T13:01:06Z,46095609,264872,1,120,100,0.2708,0.1686,0.0618,0.7695,0.61,0.23,327652,0.4357,
Dune,15/9/2021,8g18jFHCLXk,Dune | Official Main Trailer,Warner Bros.,2021-07-22T13:00:04Z,36409806,453431,1,120,100,0.2228,0.1452,0.049,0.8058,0.58,0.23,203919,0.1964,
Redux Redux,28/12/2025,Mzw2ttJD2qQ,The Odyssey | Official Trailer,Universal Pictures,2025-12-22T14:00:04Z,49050160,617185,1,120,100,0.1473,0.0976,0.0339,0.8685,0.38,0.13,556636,0.1801,
Dune: Part Two,27/2/2024,U2Qp5pL3ovA,Dune: Part Two | Official Trailer 3,Warner Bros.,2023-12-12T17:00:20Z,22509004,255423,1,120,100,0.4142,0.151,0.0413,0.8077,0.69,0.15,110461,0.3708,
Avatar: The Way of Water,14/12/2022,d9MyW72ELq0,Avatar: The Way of Water | Official Trailer,Avatar,2022-11-02T12:19:35Z,62639626,1046224,1,70,100,0.4831,0.1538,0.0397,0.8065,0.8,0.1,280189,0.529,
A Minecraft Movie,31/3/2025,wJO_vIDZn-I,A Minecraft Movie | Official Trailer,Warner Bros.,2024-11-19T20:00:23Z,32212036,494545,1,120,100,0.1892,0.1325,0.05,0.8176,0.54,0.16,750301,0.1852,
Oppenheimer,19/7/2023,uYPbbksJxIg,Oppenheimer | New Trailer,Universal Pictures,2023-05-08T07:01:04Z,74942385,837179,1,90,100,0.3274,0.1482,0.0533,0.7986,0.63,0.18,285443,0.1657,
The Fantastic 4: First Steps,23/7/2025,pAsmrKyMqaA,The Fantastic Four: First Steps | Official Trailer | Only in Theaters July 25,Marvel Entertainment,2025-04-17T14:00:08Z,24200804,500243,1,120,100,0.339,0.1905,0.0515,0.7579,0.65,0.12,529708,0.3252,
The Batman,1/3/2022,mqqft2x_Aa4,THE BATMAN – Main Trailer,Warner Bros.,2021-10-16T20:36:30Z,67010761,1376842,1,90,100,0.1205,0.1603,0.1144,0.7253,0.54,0.34,467874,0.1938,
Everything Everywhere All at Once,24/3/2022,wxN1T1uxQ2g,Everything Everywhere All At Once | Official Trailer HD | A24,A24,2021-12-14T13:57:38Z,35743892,425310,1,120,100,0.4554,0.1929,0.0468,0.7602,0.76,0.14,179386,0.5899,
Ballerina,4/6/2025,b9Rr9ygb-ac,"From the World of John Wick: Ballerina (2025) Final Trailer – Ana de Armas, Keanu Reeves",Lionsgate Movies,2025-05-13T12:59:59Z,5387381,56794,1,85.39,100,0.151,0.1719,0.1113,0.7168,0.45,0.26,16279,0.2367,
A Working Man,26/3/2025,zTbgNC42Ops,A Working Man | Official Trailer,Amazon MGM Studios,2025-01-09T17:00:02Z,22379662,176066,1,120,100,0.2863,0.1608,0.0454,0.7939,0.62,0.13,148405,0.0443,
Hamnet,26/11/2025,xYcgQMxQwmk,HAMNET - Official Trailer [HD] - Only In Theaters This Thanksgiving,Focus Features,2025-10-09T15:00:03Z,17913174,35423,1,70,100,0.3496,0.2284,0.0693,0.7022,0.67,0.21,12907,0.1805,
Kantara - A Legend: Chapter 1,1/10/2025,TMQUFhWm8C0,Kantara Chapter 1 Trailer - Kannada | Rishab Shetty | Rukmini | Vijay Kiragandur | Hombale Films,Hombale Films,2025-09-22T07:14:06Z,23811385,803180,1,90,100,0.1912,0.206,0.1406,0.6534,0.53,0.26,60040,0.5159,
Venom: The Last Dance,22/10/2024,__2bjWbetsA,VENOM: THE LAST DANCE – Official Trailer (HD),Sony Pictures Entertainment,2024-06-03T12:59:59Z,40347373,620394,1,120,100,0.2134,0.1587,0.0768,0.7645,0.54,0.22,393248,0.3955,
Anaconda,24/12/2025,az8M5Mai0X4,ANACONDA – Official Trailer (HD),Sony Pictures Entertainment,2025-09-17T13:00:05Z,11587323,122643,1,120,100,0.3658,0.1959,0.0587,0.7455,0.7,0.12,106242,0.1564,
Five Nights at Freddy's 2,3/12/2025,dSDpoobO6yM,Five Nights at Freddy's 2 | Official Trailer,Universal Pictures,2025-07-24T11:19:16Z,17814264,576035,1,120,100,0.1368,0.1249,0.0774,0.7977,0.48,0.29,628818,0.2404,
Through My Window,4/2/2022,_zxhK3Z-R0c,Through My Window | Official Trailer | Netflix,Netflix,2022-01-04T14:30:58Z,6098698,71122,1,116.1,100,0.2816,0.1614,0.0667,0.7719,0.56,0.2,21701,0.6127,
Tell Me What You Want,29/11/2024,vG89ig5P4g0,Pídeme lo que quieras | Tráiler Oficial,Warner Bros. Pictures España,2024-09-20T15:34:36Z,1944192,8007,1,61.94,100,0.1868,0.1528,0.0881,0.7591,0.42,0.17,1859,0.31,
The Next 365 Days,18/8/2022,iXdw5wYI4cY,The Next 365 Days | Official Trailer | Netflix,Netflix,2022-08-08T16:00:00Z,16086541,68558,1,120,100,0.2532,0.1798,0.0861,0.7342,0.58,0.24,67015,0.357,
TRON: Ares,8/10/2025,YShVEXb7-ic,Tron: Ares | Official Trailer,Disney,2025-07-17T16:00:55Z,14693918,187845,1,120,100,0.3729,0.1626,0.0329,0.8046,0.64,0.09,134575,0.2933,
Barbie,19/7/2023,pBk4NYhWNMM,Barbie | Main Trailer,Warner Bros.,2023-05-25T16:00:38Z,91285069,903721,1,90,100,0.5367,0.2067,0.0459,0.7474,0.83,0.09,567919,0.2557,
John Wick: Chapter 4,21/3/2023,qEVUtrk8_B4,"John Wick: Chapter 4 (2023 Movie) Official Trailer – Keanu Reeves, Donnie Yen, Bill Skarsgård",Lionsgate Movies,2022-11-10T17:00:03Z,53510935,733227,1,120,100,0.3569,0.1643,0.0621,0.7736,0.7,0.21,189428,0.127,
The Running Man,11/11/2025,KD18ddeFuyM,"The Running Man | Official Trailer (2025 Movie) - Edgar Wright, Glen Powell",Paramount Pictures,2025-07-01T13:00:03Z,17957656,106624,1,120,100,0.4365,0.2066,0.0434,0.7499,0.75,0.09,82002,0.4094,
Weapons,4/8/2025,OpThntO9ixc,Weapons | Official Trailer,Warner Bros.,2025-04-29T13:17:07Z,34332150,206800,1,120,100,0.1419,0.1262,0.0871,0.7867,0.51,0.3,200320,0.0026,
Exit 8,28/8/2025,emZZexEJO8c,Exit 8 | Official Trailer,Umbrella Entertainment,2025-07-10T02:56:39Z,2436555,67688,1,112.44,100,0.3606,0.2356,0.0424,0.722,0.66,0.12,63413,0.1448,
David,14/12/2025,uv9V3dk98PM,DAVID | Official Trailer | Now Streaming | Angel,Angel,2025-11-19T14:00:06Z,5854094,26404,1,65.85,100,0.475,0.2305,0.0315,0.738,0.75,0.08,7914,0.4587,
Solo Leveling -ReAwakening-,26/11/2024,Nsftn0EABCQ,Solo Leveling -ReAwakening- | OFFICIAL TRAILER 2 | In Theaters December 6,Crunchyroll,2024-11-14T15:00:24Z,1856257,53446,1,61.86,100,0.2425,0.1834,0.0898,0.7268,0.52,0.2,14825,0.4623,
Final Destination Bloodlines,14/5/2025,UWMzKXsY9A4,Final Destination Bloodlines | Official Trailer,Warner Bros.,2025-03-25T15:00:41Z,42326821,344987,1,120,100,0.1668,0.1479,0.0935,0.7586,0.51,0.31,325266,0.068,
Aquaman and the Lost Kingdom,20/12/2023,UGc5Tzz19UY,Aquaman and the Lost Kingdom | Trailer,Warner Bros.,2023-09-20T17:37:05Z,7072007,47202,1,87.07,100,0.2598,0.2118,0.0817,0.7064,0.57,0.18,11362,0.3862,
Frankenstein,17/10/2025,8aulMPhE12g,Frankenstein | Guillermo del Toro | Official Trailer | Netflix,Netflix,2025-10-01T13:00:01Z,14252685,183607,1,120,100,0.4019,0.1796,0.0632,0.7572,0.69,0.17,127264,0.4987,
Wicked,16/10/2024,6COmYeLsz4c,Wicked - Official Trailer,Universal Pictures,2024-05-15T15:00:29Z,24719990,315767,1,120,100,0.3595,0.185,0.0665,0.7485,0.7,0.2,188050,0.1509,
Marty Supreme,19/12/2025,s9gSuKaKcqM,Marty Supreme | Official Trailer HD | A24,A24,2025-11-11T14:01:11Z,31484429,115215,1,120,100,0.2197,0.1426,0.0466,0.8108,0.5,0.13,97611,0.2424,
Saiyaara,18/7/2025,9r-tT5IN0vg,Saiyaara | Official Trailer | Ahaan Panday | Aneet Padda | Mohit Suri,YRF,2025-07-08T05:30:04Z,80757642,804295,1,70,100,0.4445,0.2121,0.0573,0.7306,0.67,0.13,131735,0.5725,
Fast X,17/5/2023,ipuPu2XhNFU,FAST X FAST AND FURIOUS 10 : 7 Minute Trailers (4K ULTRA HD) NEW 2023,FilmSpot Trailer,2023-04-13T12:00:24Z,1846732,14798,1,81.85,100,0.2125,0.1913,0.0787,0.7301,0.48,0.21,999,0.3954,
Snow White,19/3/2025,iV46TJKL8cU,Disney’s Snow White | Official Trailer | In Theaters March 21,Disney,2024-12-03T15:01:02Z,22143451,84091,1,120,100,0.0906,0.1227,0.0806,0.7967,0.44,0.23,2151860,0.0687,
I Am Frankelda,23/10/2025,SgQunhb-MAg,Teaser de Soy Frankelda,Cinema Fantasma Official,2025-06-28T01:48:52Z,133828,11077,1,60.13,100,0.1668,0.1338,0.0533,0.813,0.39,0.18,3040,0.0161,
Godzilla x Kong: The New Empire,27/3/2024,lV1OOlGwExM,Godzilla x Kong : The New Empire | Official Trailer,Warner Bros.,2023-12-03T20:50:56Z,39914325,811297,1,120,100,0.3141,0.1527,0.0706,0.7766,0.64,0.2,230256,0.4274,
Mufasa: The Lion King,18/12/2024,o17MF9vnabg,Mufasa: The Lion King | Official Trailer,Disney,2024-08-10T05:01:11Z,35554102,316586,1,120,100,0.1918,0.1376,0.0724,0.7901,0.56,0.2,264940,0.2449,
One Battle After Another,23/9/2025,kQUPdVxZNPk,One Battle After Another | Official Trailer 2,Warner Bros.,2025-07-24T12:30:06Z,22486991,59888,1,120,100,0.3525,0.1979,0.0497,0.7524,0.66,0.11,26473,0.1762,
Lilo & Stitch,17/5/2025,VWqJifMMgZE,Lilo & Stitch | Official Trailer | In Theaters May 23,Disney,2025-03-12T16:00:13Z,27090782,260690,1,120,100,0.5004,0.2163,0.043,0.7407,0.79,0.07,253986,0.3628,
Rocky Aur Rani Kii Prem Kahaani,8/7/2023,6mdxy3zohEk,"#RockyAurRaniKiiPremKahaani - OFFICIAL TRAILER | Dharmendra, Jaya, Shabana, Ranveer, Alia | Karan",Dharma Productions,2023-07-04T06:30:09Z,53618049,302858,1,70,100,0.6471,0.3106,0.0671,0.6222,0.89,0.05,32307,0.656,
Bodies Bodies Bodies,5/8/2022,cTzGKsZjBOY,Bodies Bodies Bodies | Official Trailer 2 HD | A24,A24,2022-07-12T13:00:18Z,9974374,24028,1,119.97,100,0.2765,0.2021,0.0668,0.7311,0.57,0.19,15280,0.4052,
Black Phone 2,15/10/2025,v0kqkRZHqk4,Black Phone 2 | Official Trailer,Universal Pictures,2025-06-02T00:30:53Z,10835371,123961,1,120,100,0.1113,0.1505,0.1029,0.7466,0.48,0.36,89000,0.0014,
Captain America: Brave New World,12/2/2025,1pHDWnXmK7Y,Captain America: Brave New World | Official Trailer,Marvel Entertainment,2024-11-09T21:16:06Z,28122081,396168,1,120,100,0.1537,0.1449,0.0985,0.7567,0.53,0.22,346445,0.3237,
Past Lives,2/6/2023,kA244xewjcI,Past Lives | Official Trailer HD | A24,A24,2023-02-22T14:00:30Z,11472449,161033,1,120,100,0.5682,0.218,0.0476,0.7344,0.83,0.09,79455,0.5514,
Guardians of the Galaxy Vol. 3,3/5/2023,u3V5KDHRQvk,Marvel Studios’ Guardians of the Galaxy Vol. 3 | Official Trailer,Marvel Entertainment,2022-12-01T22:01:32Z,36131621,801170,1,120,100,0.3882,0.1821,0.0633,0.7546,0.7,0.15,287115,0.4817,
Doctor Strange in the Multiverse of Madness,4/5/2022,aWzlQ2N6qqg,Marvel Studios' Doctor Strange in the Multiverse of Madness | Official Trailer,Marvel Entertainment,2022-02-13T23:12:44Z,66453833,2100579,1,120,100,0.2013,0.1624,0.104,0.7336,0.59,0.31,495664,0.1845,
Meg 2: The Trench,2/8/2023,dG91B3hHyY4,MEG 2: THE TRENCH - OFFICIAL TRAILER,Warner Bros.,2023-05-08T22:00:15Z,49476953,318710,1,120,100,0.5017,0.2161,0.0571,0.7268,0.77,0.12,146736,0.4816,
Cruella,26/5/2021,gmRKv7n2If8,Disney's Cruella | Official Trailer,Disney,2021-02-17T13:00:14Z,25326659,332445,1,120,100,-0.0347,0.1269,0.1201,0.7529,0.4,0.37,323798,-0.0102,
Sisu: Road to Revenge,21/10/2025,VmStqCXIgio,SISU: ROAD TO REVENGE - Official Trailer (HD),Sony Pictures Entertainment,2025-08-27T14:00:49Z,4291457,73198,1,114.29,100,0.1607,0.166,0.0996,0.7344,0.48,0.28,26991,-0.0757,
The Boy and the Heron,14/7/2023,otNh9bTjXWg,WONKA | Official Trailer,Warner Bros.,2023-07-11T16:00:39Z,47806569,485370,1,120,100,0.5645,0.2403,0.0304,0.7294,0.81,0.12,181493,0.2546,
The Tomorrow War,3/9/2021,QPistcpGB8o,THE TOMORROW WAR - Official Trailer | Prime Video,Prime Video,2021-05-26T12:59:55Z,13051362,60166,1,70,100,0.3398,0.1748,0.0466,0.7786,0.67,0.12,38993,0.2549,
Elemental,14/6/2023,hXzcyx9V0xw,Elemental | Official Trailer,Pixar,2023-03-28T12:44:23Z,51428656,234129,1,70,100,0.6318,0.2539,0.0357,0.7104,0.91,0.04,124019,0.5781,
No Time to Die,29/9/2021,hCPxcEoPp7Y,No Time To Die - FINAL Trailer- The Mission That Changes Everything,FILM FICTUS Studios,2021-05-29T20:13:55Z,478081,4238,1,80.48,100,0.1276,0.119,0.0606,0.8204,0.43,0.15,760,0.2188,
Kraven the Hunter,11/12/2024,I8gFw4-2RBM,Kraven the Hunter | Official Trailer,Marvel Entertainment,2024-08-14T14:00:30Z,5908334,90949,1,115.91,100,0.2301,0.144,0.0624,0.7936,0.55,0.18,101088,0.3372,
K.G.F: Chapter 2,14/4/2022,jQsE85cI384,KGF Chapter 2 Trailer | Kannada |Yash|Sanjay Dutt|Raveena|Srinidhi|Prashanth Neel|Vijay Kiragandur,Hombale Films,2022-03-27T13:10:07Z,29937692,935043,1,90,100,0.0654,0.1618,0.1975,0.6406,0.48,0.43,55283,0.1885,
The Idea of You,2/5/2024,pz6qx4n2Ewc,The Idea of You | Official Trailer | Prime Video,Amazon Prime Video UK & IE,2024-03-06T15:00:44Z,3073995,21357,1,113.07,100,0.3745,0.2611,0.0766,0.6622,0.61,0.17,11656,0.5185,
28 Years Later,18/6/2025,mcvLKldPM08,28 YEARS LATER – Official Trailer (HD),Sony Pictures Entertainment,2024-12-10T08:00:06Z,34126660,697388,1,110,100,0.2306,0.1432,0.0731,0.7838,0.64,0.2,846354,-0.0865,
Thunderbolts*,30/4/2025,#NAME?,Marvel Studios’ Thunderbolts* | Final Trailer | In Theaters May 2,Marvel Entertainment,2025-04-16T19:00:01Z,12447236,174573,1,90,100,0.2302,0.1714,0.1047,0.7239,0.59,0.19,140205,0.2639,
The Beekeeper,8/1/2024,SzINZZ6iqxY,THE BEEKEEPER | Official Restricted Trailer,Amazon MGM Studios,2023-10-04T16:00:17Z,19905563,90878,1,120,100,0.371,0.209,0.0549,0.7361,0.71,0.15,47288,0.2066,
RRR,24/3/2022,Xsgz7Q0iWzA,"RRR Glimpse - NTR, Ram Charan, Ajay Devgn, Alia Bhatt | SS Rajamouli | 7 Jan 2022",DVV Entertainment,2021-11-01T05:30:06Z,12142538,678061,1,70,100,0.1101,0.1566,0.1264,0.7169,0.4,0.3,36767,-0.1657,
Elio,18/6/2025,ETVi5_cnnaE,Elio | Official Trailer,Pixar,2025-03-19T16:00:06Z,13507506,65063,1,70,100,0.5359,0.2777,0.0429,0.6794,0.79,0.11,59750,0.6922,
Fantastic Beasts: The Secrets of Dumbledore,6/4/2022,Y9dr2zw-TXQ,Fantastic Beasts: The Secrets of Dumbledore – Official Trailer,Warner Bros.,2021-12-13T15:00:16Z,23377262,371478,1,120,100,0.3065,0.1693,0.0701,0.7606,0.66,0.24,223662,0.4393,
Zack Snyder's Justice League,18/3/2021,ZrdQSAX2kyw,Zack Snyder’s Justice League | Official Trailer #2 | Max,HBO Max,2021-03-14T19:32:17Z,13386774,241455,1,70,100,0.2436,0.1702,0.0625,0.7673,0.61,0.22,91782,0.3926,
Transformers: Rise of the Beasts,6/6/2023,itnqEauWQZM,Transformers: Rise of the Beasts | Official Trailer (2023 Movie),Paramount Pictures,2023-04-27T13:00:05Z,37732463,433884,1,120,100,0.272,0.1604,0.0642,0.7753,0.6,0.2,111196,0.2738,
Anyone But You,21/12/2023,UtjH6Sk7Gxs,ANYONE BUT YOU – Official Trailer (HD),Sony Pictures Entertainment,2023-11-16T13:59:54Z,11822394,60709,1,120,100,0.4869,0.268,0.0555,0.6765,0.75,0.09,32466,0.6993,
Black Panther: Wakanda Forever,9/11/2022,_Z3QKkl1WyM,Marvel Studios’ Black Panther: Wakanda Forever | Official Trailer,Marvel Entertainment,2022-10-03T13:00:01Z,45902026,973518,1,120,100,0.5007,0.2102,0.0581,0.7318,0.8,0.08,286477,0.7184,
Pleasure,8/10/2021,KtKIiARak8Y,Wicked - Official Trailer (PASSIONFLIX),Passionflix,2021-05-24T13:01:05Z,794272,5903,1,60.79,100,0.3634,0.2237,0.0489,0.7274,0.65,0.13,3297,0.458,
Furiosa: A Mad Max Saga,22/5/2024,XJMuhwVlca4,FURIOSA : A MAD MAX SAGA | OFFICIAL TRAILER #1,Warner Bros.,2023-11-30T23:32:51Z,29822309,234539,1,120,100,0.2662,0.1791,0.0942,0.7267,0.65,0.22,105134,-0.0107,
Insidious: The Red Door,5/7/2023,ZuQuOnYnr3Q,INSIDIOUS: THE RED DOOR – Official Trailer (HD),Sony Pictures Entertainment,2023-04-19T14:00:09Z,27285131,155147,1,120,100,0.4828,0.2369,0.0584,0.7047,0.75,0.17,60238,0.5033,
Turning Red,10/3/2022,XdKzUbAiswE,Turning Red | Official Trailer,Pixar,2021-11-17T13:59:29Z,57680988,505836,1,70,100,0.6491,0.2518,0.0356,0.7126,0.89,0.08,365796,0.7278,
Encanto,13/10/2021,CaimKeDcudo,Disney's Encanto | Official Trailer,Walt Disney Animation Studios,2021-09-29T13:00:05Z,50041759,302249,1,120,100,0.4773,0.206,0.0442,0.7498,0.78,0.12,182972,0.4718,
Black Widow,7/7/2021,Fp9pNPdNwjI,Marvel Studios’ Black Widow | New Trailer,Marvel Entertainment,2021-04-03T16:00:41Z,22753928,586147,1,90,100,0.1183,0.1134,0.0693,0.8173,0.44,0.22,239248,0.1312,
After We Collided,2/9/2020,2SvwX3ux_-8,After We Collided - Official Trailer,Voltage Pictures,2020-07-27T13:57:22Z,20383201,171866,1,120,100,0.2383,0.153,0.0501,0.7969,0.56,0.17,170810,0.3299,
Sonic the Hedgehog,12/2/2020,szby7ZHLnkA,Sonic The Hedgehog (2020) - New Official Trailer - Paramount Pictures,Paramount Pictures,2019-11-12T10:54:37Z,58856108,1154275,1,120,100,0.0149,0.1019,0.1002,0.7978,0.31,0.3,216550,0.0818,
The Suicide Squad,28/7/2021,eg5ciqQzmK0,THE SUICIDE SQUAD – Official “Rain” Trailer,Warner Bros.,2021-06-22T19:04:02Z,17252897,141164,1,120,100,0.2232,0.1683,0.0752,0.7565,0.54,0.21,72975,0.0256,
The Flash,13/6/2023,hebWYacbdvc,The Flash – Official Trailer,Warner Bros.,2023-02-12T22:59:38Z,22634011,278343,1,120,100,0.2624,0.1335,0.0585,0.808,0.58,0.19,177563,0.1577,
Primitive War,21/8/2025,NfMKBKKzIXM,Primitive War | Official Teaser Trailer,Sparke Films,2025-04-02T18:40:56Z,2494063,44441,1,112.49,100,0.2717,0.1821,0.0678,0.7501,0.62,0.17,25927,0.1448,
Road House,8/3/2024,Y0ZsLudtfjI,Road House - Official Trailer | Prime Video,Prime Video,2024-01-25T15:00:31Z,24271662,244654,1,70,100,0.4642,0.2318,0.061,0.7071,0.75,0.08,136315,0.4285,
Play Dirty,30/9/2025,6paP2-ry-QY,Play Dirty – Official Trailer | Prime Video,Prime Video,2025-08-26T13:59:48Z,16787265,35556,1,70,100,0.2856,0.1766,0.0467,0.7767,0.62,0.1,5838,0.1586,
Scream VI,8/3/2023,h74AXqw4Opc,Scream VI | Official Trailer (2023 Movie),Paramount Pictures,2023-01-19T14:00:00Z,23281430,181542,1,120,100,0.3034,0.2002,0.1117,0.688,0.67,0.27,50257,0.1592,
Alien: Romulus,13/8/2024,OzY2r2JXsDM,Alien: Romulus | Official Trailer,20th Century Studios,2024-06-04T16:00:20Z,13339087,277545,1,120,100,0.0931,0.1201,0.0865,0.7933,0.46,0.28,162340,0.0107,
Kingdom of the Planet of the Apes,8/5/2024,XtFI7SNtVpY,Kingdom of the Planet of the Apes | Official Trailer,20th Century Studios,2024-02-11T23:50:31Z,23752480,232953,1,120,100,0.3385,0.1896,0.0595,0.7508,0.64,0.19,133447,0.3606,
Suzume,11/11/2022,6R6q2fAp2n4,Suzume no Tojimari - Official Trailer 2 | English Sub,AnimeSelect,2022-09-28T21:34:40Z,1891813,39691,1,61.89,100,0.2691,0.1889,0.0664,0.7446,0.6,0.18,24574,0.2582,
Deep Water,17/3/2022,0SDoUOBCAAI,Deep Water | Teaser Trailer | Hulu,20th Century Studios,2022-02-14T15:00:04Z,3149014,22530,1,83.15,100,0.2461,0.1554,0.0671,0.7776,0.55,0.15,13195,0.1393,
Evil Dead Rise,12/4/2023,smTK_AeAPHs,EVIL DEAD RISE - Official Trailer - (Redband),StudiocanalUK,2023-01-04T17:00:35Z,28714096,268211,1,70,100,0.0934,0.1946,0.1606,0.6448,0.52,0.41,56931,-0.0767,
Wake Up Dead Man: A Knives Out Mystery,26/11/2025,0hc8yz5-d5Y,Wake Up Dead Man: A Knives Out Mystery | Official Trailer | Netflix,Netflix,2025-11-17T14:00:00Z,6418109,72521,1,116.42,100,0.3644,0.2162,0.049,0.7347,0.7,0.15,55547,0.2551,
Bad Boys: Ride or Die,5/6/2024,hRFY_Fesa9Q,BAD BOYS: RIDE OR DIE – Official Trailer (HD),Sony Pictures Entertainment,2024-03-26T13:00:32Z,10099201,121009,1,120,100,0.2831,0.2027,0.114,0.6833,0.66,0.23,66259,0.0711,
The Little Mermaid,18/5/2023,kpGo2_d3oYE,The Little Mermaid | Official Trailer,Disney,2023-03-13T00:59:01Z,28511468,373761,1,120,100,0.6258,0.2648,0.0385,0.6967,0.9,0.05,153137,0.5077,
Luca,17/6/2021,RY5g0NnFx2E,Luca | Official Trailer | Disney UK,Disney UK,2021-04-28T13:29:37Z,1133364,6627,1,111.13,100,0.2251,0.1966,0.0411,0.7623,0.51,0.1,1663,0.245,
Prey,2/8/2022,wZ7LytagKlc,Prey | Official Trailer | Hulu,20th Century Studios,2022-06-07T14:00:22Z,16227180,122713,1,120,100,0.4677,0.2101,0.0581,0.7318,0.79,0.15,35224,0.4035,
The Naked Gun,30/7/2025,uLguU7WLreA,"The Naked Gun | Official Trailer (2025 Movie) - Liam Neeson, Pamela Anderson",Paramount Pictures,2025-06-16T13:00:13Z,19477408,103671,1,120,100,0.4684,0.2538,0.0848,0.6615,0.8,0.15,135205,0.2089,
Nobody,18/3/2021,wZti8QKBWPo,Nobody - Official Trailer (HD),Universal Pictures,2020-12-10T16:00:36Z,23276742,316181,1,120,100,-0.0068,0.1079,0.0932,0.7989,0.38,0.33,136675,-0.0655,
Gladiator II,13/11/2024,4rgYUipGJNo,"Gladiator II | Official Trailer (2024 Movie) - Paul Mescal, Pedro Pascal, Denzel Washington",Paramount Pictures,2024-07-09T13:00:03Z,24515516,188865,1,120,100,0.1263,0.1148,0.0675,0.8177,0.43,0.21,480957,0.1372,
Shang-Chi and the Legend of the Ten Rings,1/9/2021,8YjFbMbfXaQ,Marvel Studios’ Shang-Chi and the Legend of the Ten Rings | Official Trailer,Marvel Entertainment,2021-06-25T00:54:38Z,34173570,572421,1,120,100,0.1752,0.1459,0.0622,0.7919,0.58,0.21,211187,0.044,
The Amateur,9/4/2025,DCWcK4c-F8Q,The Amateur | Official Trailer,20th Century Studios,2024-11-13T17:01:08Z,16786849,225517,1,120,100,0.3522,0.1847,0.0331,0.7821,0.68,0.1,171898,0.1749,
Mickey 17,28/2/2025,osYpGSz_0i4,Mickey 17 | Official Trailer,Warner Bros.,2024-09-18T00:18:00Z,20448443,209450,1,120,100,0.3879,0.1986,0.0377,0.7637,0.68,0.12,146180,0.2988,
Expend4bles,15/9/2023,DhlaBO-SwVE,"EXPEND4BLES (2023) Official Trailer - Jason Statham, 50 Cent, Megan Fox, Dolph Lundgren",Lionsgate Movies,2023-06-07T16:00:08Z,26137819,110417,1,120,100,0.3204,0.1795,0.0668,0.7536,0.68,0.18,32478,0.1604,
The Tank,18/9/2025,ZL8d02JdATs,KRAKEN Official Trailer (2025) New Big Budget Sci-Fi Movies 4K,MovieGasm‍․com,2025-08-08T20:35:43Z,7080541,63040,1,67.08,100,0.2667,0.1897,0.0488,0.7615,0.56,0.14,20455,0.4721,
The Lost City,23/3/2022,nfKO9rYDmE8,The Lost City | Official Trailer (2022 Movie) – Paramount Pictures,Paramount Pictures,2021-12-16T15:02:19Z,29384855,83538,1,120,100,0.5004,0.2759,0.0568,0.6673,0.81,0.1,41866,0.4123,
Demon Slayer -Kimetsu no Yaiba- The Movie: Mugen Train,16/10/2020,ATJYac_dORw,Demon Slayer - Kimetsu no Yaiba - The Movie: Mugen Train Official Trailer,Aniplex USA,2020-04-10T16:05:15Z,21222217,495086,1,60,100,0.147,0.1337,0.0803,0.786,0.47,0.22,260632,0.2566,
Nobody 2,13/8/2025,-5X2pt95cIo,Nobody 2 | Official Trailer,Universal Pictures,2025-05-13T15:00:21Z,22090873,214915,1,120,100,0.3927,0.1834,0.0429,0.7737,0.69,0.14,111916,0.5975,
Scream,12/1/2022,beToTslH17s,Scream | Official Trailer (2022 Movie),Paramount Pictures,2021-10-12T13:00:01Z,26054712,185893,1,120,100,0.0939,0.1602,0.1227,0.7171,0.47,0.38,116329,-0.0014,
The Equalizer 3,30/8/2023,8017N57FA1Q,The Equalizer 3 - Official Trailer - Only In Cinemas Now,Sony Pictures Releasing UK,2023-04-30T16:28:11Z,1497660,4630,1,111.5,100,0.3945,0.2427,0.042,0.7153,0.65,0.12,1767,0.4589,
Wolfs,20/9/2024,wLJUPjiRbAM,WOLFS — Official Trailer | Apple TV,Apple TV,2024-08-13T15:59:57Z,4015455,26466,1,114.02,100,0.2214,0.1678,0.0377,0.7944,0.55,0.16,11157,0.141,
The Crucifix: Blood of the Exorcist,9/1/2025,a1bp3TqLCOc,AZRAEL Trailer (2024) Post Rapture Movie | 4K UHD,MovieGasm‍․com,2024-09-06T21:01:35Z,2095563,9654,1,32.1,99,0.1196,0.155,0.0751,0.7699,0.404,0.2323,1786,0.2456,
Wrath of Man,22/4/2021,EFYEni2gsK0,WRATH OF MAN | Official Trailer | MGM Studios,Amazon MGM Studios,2021-03-29T15:00:09Z,39901349,163825,1,120,99,0.2521,0.1703,0.068,0.7617,0.6263,0.1717,27299,0.0946,
Flag Day,20/8/2021,2D-3fxTLmS8,FLAG DAY | Official Trailer | MGM Studios,Amazon MGM Studios,2021-07-28T15:00:02Z,4198877,2925,1,114.2,85,0.368,0.2605,0.0336,0.7059,0.6353,0.0824,440,0.5363,
Hunting Season,5/12/2025,O7vKuVadFmo,Hunting Season | Official Trailer HD,Samuel Goldwyn Films,2025-11-06T17:12:41Z,629530,2866,1,110.63,83,0.2639,0.2378,0.084,0.6782,0.5542,0.1928,896,0.4077,
You Won't Be Alone,1/4/2022,6-G39n2sCVU,YOU WON'T BE ALONE - Official Trailer [HD] - Only in Theaters April 1,Focus Features,2021-12-15T17:00:17Z,2959116,9127,1,62.96,82,0.2304,0.2439,0.0777,0.6784,0.5366,0.1463,2162,0.0952,
Greenland,29/7/2020,vz-gdEL_ae8,Greenland | Official Trailer [HD] | On Demand Everywhere December 18th,STXfilms,2020-06-25T14:00:12Z,17177915,31176,1,120,79,0.0463,0.1091,0.0918,0.7991,0.3924,0.3038,10295,0.0202,
The Shrinking Man,22/10/2025,FNSjZ_2hHqc,"L'HOMME QUI RÉTRÉCIT Bande Annonce (2025) Nouvelle, Jean Dujardin",FilmsActu,2025-09-15T11:35:58Z,269570,1451,1,60.27,65,0.1584,0.0842,0.0234,0.8924,0.3231,0.1385,548,0.0768,
The Gorge,13/2/2025,rUSdnuOLebE,The Gorge — Official Trailer | Apple TV,Apple TV,2024-12-07T18:14:59Z,18797094,68100,1,120,63,0.3764,0.233,0.0384,0.7286,0.6508,0.1111,35233,0.2747,
Sidelined: The QB and Me,6/2/2025,12WIaJcJEY0,"SIDELINED: THE QB & ME Official Trailer (2024) Noah Beck, Siena Agudong Movie HD",KinoCheck.com,2024-10-30T10:40:11Z,1032099,7848,1,61.03,61,0.2171,0.1556,0.0826,0.7619,0.4754,0.1803,1790,0.4403,
Last Summer,13/9/2023,mrNN7YyxIL0,The Summer I Turned Pretty Season 2 - Official Trailer | Prime Video,Prime Video AU & NZ,2023-06-30T04:53:10Z,2588778,10511,1,62.59,60,0.1973,0.1839,0.0734,0.7428,0.4667,0.2,4389,0.4028,
Nuremberg,6/11/2025,WvAy9C-bipY,NUREMBERG | Official Trailer #1 (2025),Sony Pictures Classics,2025-10-08T16:02:39Z,4623185,22867,1,114.62,58,0.1619,0.139,0.0766,0.7845,0.4655,0.1897,19544,0.2238,
Ice Road: Vengeance,27/6/2025,K6lJh9ADfbQ,Ice Road: Vengeance | Official Trailer (HD) | Vertical,Vertical,2025-06-23T17:00:05Z,1843632,4553,1,61.84,57,0.2619,0.2302,0.0662,0.7037,0.5614,0.1754,1286,0.3908,
Free Guy,11/8/2021,IEFQgRjEdSs,Free Guy | Official Trailer,20th Century Studios Canada ,2021-07-13T18:24:26Z,526546,4808,1,110.53,55,0.2086,0.1985,0.0679,0.7336,0.4727,0.1636,725,0.2141,
Fall,11/8/2022,iSspRSGc4Dk,"Fall (2022 Movie) Official Trailer - Grace Caroline Currey, Virginia Gardner",Lionsgate Movies,2022-07-12T17:00:16Z,8618401,41056,1,118.62,52,0.141,0.1506,0.0938,0.7556,0.5192,0.2308,12042,0.3806,
Your Fault,26/12/2024,4g-odBU2HbE,Your Fault | Official Trailer | Prime Video,Amazon Prime Video UK & IE,2024-10-25T18:30:04Z,1162973,4117,1,111.16,38,0.0471,0.1613,0.1313,0.7074,0.3421,0.2895,849,-0.1908,
My Fault: London,12/2/2025,14z9L_MwH5s,My Fault: London | Official Trailer | Prime Video,Amazon Prime Video UK & IE,2025-01-16T15:00:03Z,398891,1499,1,110.4,38,0.0511,0.1287,0.108,0.7633,0.3421,0.2895,770,-0.0471,
Animal,1/12/2023,fBelb-efRgA,My Animal | Official Trailer | Paramount Movies,Paramount Movies,2023-08-17T16:14:26Z,256624,1117,1,110.26,36,0.1858,0.2026,0.1171,0.6803,0.4444,0.1944,357,0.3288,
Flow,29/8/2024,vob8AGZM4Wc,FLOW Bande Annonce VF (2024) Nouvelle,FilmsActu,2024-08-12T14:47:00Z,1404319,6388,1,61.4,34,0.189,0.0886,0.0243,0.8871,0.4118,0.0882,1275,0.2527,
In Your Dreams,7/11/2025,qPDpSccH43w,In Your Dreams | Official Trailer | Netflix,Netflix Philippines,2025-09-25T13:00:00Z,178932,2065,1,110.18,29,0.228,0.2071,0.0431,0.7498,0.5172,0.1034,287,0.3087,
Revelations,20/3/2025,H1FhjGPBynk,Revelations | Official Trailer | Netflix,Netflix Malaysia,2025-03-06T00:00:00Z,171638,2967,1,110.17,23,0.3936,0.3127,0.0265,0.6608,0.6522,0.0435,422,0.5804,
The Lost Bus,19/9/2025,kQFiO88d_gk,The Lost Bus — Official Trailer 2 | Apple TV,Apple TV,2025-09-18T15:59:54Z,6330150,10733,1,116.33,22,0.168,0.1839,0.0825,0.7336,0.5,0.1818,1996,0.0477,
F1,25/6/2025,JnlqYa4DaNM,F1 | Official Trailer,Warner Bros.,2025-03-13T19:16:37Z,351073,6613,1,110.35,16,0.1649,0.1321,0.0548,0.8131,0.375,0.125,58,0.617,
Rodrigue in Love,18/6/2025,T1yeqzM8tx8,AVIGNON | Bande-annonce officielle | Baptiste Lecaplain et Alison Wheeler,Warner Bros. France,2025-04-29T09:00:45Z,241323,615,1,60.24,15,0.1022,0.0977,0.0115,0.8907,0.2,0.0667,96,-0.0029,
Playdate,4/11/2025,S6fawOAD9iA,Playdate | Official Trailer | Prime Video,Amazon Prime Video UK & IE,2025-10-08T14:01:31Z,67481,522,1,110.07,15,0.2328,0.1433,0.0258,0.8309,0.4,0,56,0.1773,
The Shadow's Edge,16/8/2025,dDuzTlur3NU,The Shadow's Edge International Trailer | 《捕风捉影》国际预告,CMC Pictures,2025-08-13T04:43:59Z,1595808,9448,1,81.6,12,0.1501,0.2228,0.073,0.7042,0.4167,0.1667,206,-0.3113,
How to Have Sex,2/11/2023,EWmF8KpxxmA,HOW TO HAVE SEX | Official Trailer | MUBI,MUBI,2023-10-09T11:00:13Z,8041843,6553,1,68.04,12,-0.026,0.0203,0.1229,0.8568,0.1667,0.25,1171,-0.0919,
Terrifier 3,9/10/2024,#NAME?,Terrifier 3 | Official Trailer,Umbrella Entertainment,2024-08-28T23:56:39Z,62220,320,1,110.06,11,0.23,0.2123,0.0625,0.7251,0.4545,0.1818,37,-0.0766,
Mortal Kombat,7/4/2021,hCgef3sL3rE,Mortal Kombat – Official Trailer,Warner Bros. ME,2021-03-09T13:26:10Z,1051034,198,1,111.05,9,0.1571,0.2218,0,0.7782,0.3333,0,11,0.1702,
Soul,25/12/2020,hwe7XDz2HNo,Disney & Pixar's Soul | Official Trailer,Walt Disney Studios Singapore,2020-10-15T02:06:15Z,111584,69,1,110.11,9,0.0693,0.0317,0.0736,0.8948,0.2222,0.3333,6,0.0623,
365 Days,7/2/2020,IHwobbGAQ2E,Official Trailer 365 Days Short Film | Beginning Is The Part Of End | Vanshaj Saxena | Kavi,Abhinayak Rangmanch ,2019-09-07T11:28:36Z,8783,70,1,60.01,8,0.4511,0.4396,0.0297,0.5306,0.875,0,2,0.4511,
The Last Viking,9/10/2025,1PoLYj6kjPQ,The Last Viking new clip official from Venice Film Festival 2025 (3/4),The Upcoming,2025-08-29T08:54:29Z,40488,222,1,40.04,5,0.4849,0.3374,0.0874,0.5752,0.8,0,28,0.6791,
The Roundup,18/5/2022,ziG80PNrJYI,THE ROUNDUP | Official Trailer(Eng Sub),ABOentertainment,2022-04-25T04:11:02Z,420086,1198,1,110.42,5,0,0,0,1,0,0,25,0,
Alienoid,20/7/2022,MxcRSCRq2Z0,ALIENOID | Trailer Resmi Indonesia,CBI Pictures,2022-07-05T06:54:17Z,144136,1000,1,80.14,5,0.1312,0.1324,0.1412,0.7264,0.4,0.2,18,0.2884,
The Voyeurs,25/8/2021,WPYZb3n6-YM,THE VOYEURS | TRAILER UFFICIALE | AMAZON PRIME VIDEO,Amazon Prime Video Italia,2021-08-24T16:59:23Z,375128,1465,1,80.38,4,0,0,0,1,0,0,55,0,
Our Fault,15/10/2025,Mfj4W4WvcHE,OUR FAULT Official Trailer (2025) Culpa Nuestra,FilmSelect,2025-09-16T15:25:34Z,32531,167,1,110.03,3,0.4246,0.4217,0,0.5783,0.6667,0,2,0.3185,
Exhuma,22/2/2024,BLPprtcADkk,Exhuma | Teaser Trailer (2024),ColumbiaPicturesPH,2024-02-09T01:00:03Z,563247,2588,1,80.56,3,0.206,0.2493,0.0667,0.684,0.3333,0.3333,95,0.1376,
The Legend of Hei 2,18/7/2025,vjhvid8B-Bw,The Legend of Hei 2 | Eng Sub Official Trailer | July 18,Internet Insight,2025-07-01T08:07:37Z,11307,242,1,60.01,3,0.2123,0.2693,0,0.7307,0.3333,0,15,0.1592,
Jujutsu Kaisen 0,24/12/2021,eRTQHpRUwKE,[4K] Jujutsu Kaisen 0 Movie - Official Trailer,Kazuken!  アニメ- TV,2021-11-05T12:01:39Z,8536,217,1,60.01,3,0.462,0.4523,0,0.5477,1,0,2,0.462,
Wildcat,19/11/2025,noU-vKiA9ts,WILDCAT | Official Trailer,Aura Entertainment,2025-10-28T19:38:23Z,389448,520,1,110.39,3,0.1506,0.257,0.1873,0.556,0.6667,0.3333,94,0.1713,
The Holy Boy,17/9/2025,I1efDwrKCh8,The Holy Boy - Official Trailer,Fandango,2025-07-22T13:43:29Z,49758,185,1,60.05,1,-0.6114,0,0.25,0.75,0,1,6,-0.6114,
Bugonia,23/10/2025,NPeBKrdLlSU,BUGONIA | Official Trailer 2 | In Theatres Everywhere October 31,Universal Pictures Canada,2025-10-06T21:09:12Z,1516911,1282,1,111.52,1,-0.4871,0,0.311,0.689,0,1,23,-0.4871,
Graphic Desires,31/8/2023,hK21ALZussc,Graphic Desires (2023) | Official Trailer | Romance/Thriller,4DM Movie Trailers,2023-07-12T11:08:38Z,65293,75,1,60.07,0,,,,,,,0,,comments disabled or all post-release
Zootopia 2,26/11/2025,A-7RMaQaygI,Zootopia 2 | Official Trailer (2025),Entertainment Tonight,2025-07-30T16:00:30Z,2666182,13898,1,112.67,0,,,,,,,0,,comments disabled or all post-release
Ne Zha 2,29/1/2025,jBKAd8u-NYI,Ne Zha Zhi Mo Tong Nao Hai Official Trailer 2 |哪吒之魔童闹海,GoldPoster Movie Trailers,2025-01-26T10:10:55Z,1214,10,1,60,0,,,,,,,0,,comments disabled or all post-release
War of the Worlds,29/7/2025,d9erkpdh5o0,WAR OF THE WORLDS | Amazon Prime Official Trailer (2025) - Ice Cube,WAR OF THE WORLDS (2025),2025-07-24T18:40:00Z,2050004,5646,1,62.05,0,,,,,,,0,,comments disabled or all post-release
The Wild Robot,12/9/2024,njPNg0A9VpY,The Wild Robot | Official Trailer 2,Universal Pictures,2024-06-11T15:00:11Z,20977270,75213,1,120,0,,,,,,,0,,comments disabled or all post-release
KPop Demon Hunters,20/6/2025,AzCAwdp1uIQ,KPop Demon Hunters | Official Trailer | Netflix,Netflix,2025-05-22T16:00:00Z,26042955,280240,1,120,0,,,,,,,0,,comments disabled or all post-release
Despicable Me 4,20/6/2024,qQlr9-rF32A,Despicable Me 4 | Official Trailer,Illumination,2024-01-28T20:35:42Z,29794419,295029,1,70,0,,,,,,,0,,comments disabled or all post-release
The Super Mario Bros. Movie,5/4/2023,TnGl01FkMMo,The Super Mario Bros. Movie | Official Trailer,Illumination,2022-11-29T22:05:04Z,36241871,289135,1,70,0,,,,,,,0,,comments disabled or all post-release
Kung Fu Panda 4,2/3/2024,_inKs4eeHiI,KUNG FU PANDA 4 | Official Trailer,Universal Pictures,2023-12-13T15:43:38Z,38886998,667784,1,120,0,,,,,,,0,,comments disabled or all post-release
Moana 2,21/11/2024,hDZ7y8RP5HE,Moana 2 | Official Trailer,Walt Disney Animation Studios,2024-08-10T02:29:17Z,22753177,206551,1,120,0,,,,,,,0,,comments disabled or all post-release
The SpongeBob Movie: Search for SquarePants,16/12/2025,XdPt8QWTypI,The SpongeBob Movie: Search for SquarePants | Official Trailer (2025),Paramount Pictures,2025-11-13T14:00:34Z,11920364,70598,1,120,0,,,,,,,0,,comments disabled or all post-release
Dollhouse,13/6/2025,60AVlvilDyI,Dollhouse (2025) ドールハウス - Movie Trailer - Far East Films,Far East Films,2025-05-05T18:16:46Z,13723,90,1,80.01,0,,,,,,,0,,comments disabled or all post-release
Girl in the Basement,27/2/2021,0obj8x7XPqU,SECRETS IN THE BASEMENT Trailer (2021) Thriller Movie l HD,Film Coverage Trailer,2021-01-21T14:47:00Z,307,2,1,30,0,,,,,,,0,,comments disabled or all post-release
Puss in Boots: The Last Wish,7/12/2022,RqrXhwS33yc,Puss In Boots: The Last Wish - Official Trailer 2,Universal Pictures,2022-06-15T15:00:25Z,14847405,96761,1,120,0,,,,,,,0,,comments disabled or all post-release
The Bad Guys 2,24/7/2025,HvLHYox_Vq8,THE BAD GUYS 2 | Official Trailer 2,Universal Pictures,2025-05-15T15:00:30Z,42249246,74156,1,120,0,,,,,,,0,,comments disabled or all post-release
I Swear,22/9/2025,4wY_HID4mUY,I SWEAR Official Trailer (2025) Robert Aramayo,FilmSelect+,2025-07-22T13:16:11Z,27962,204,1,110.03,0,,,,,,,0,,comments disabled or all post-release
Minions: The Rise of Gru,29/6/2022,6DxjJzmYsXo,Minions: The Rise of Gru | Official Trailer,Illumination,2022-03-30T15:00:03Z,37766436,209221,1,70,0,,,,,,,0,,comments disabled or all post-release
Anora,14/10/2024,p90SHE4C8Js,ANORA | Official Trailer,Entract Films,2024-07-16T17:56:37Z,109343,491,1,110.11,0,,,,,,,0,,comments disabled or all post-release
Burning Betrayal,25/10/2023,Mi61UtJ8vgg,Burning Betrayal  Official Trailer  #Trailer #movie  #trailer  #2023 #video #viral #reels #trending,Best Movies,2023-10-03T21:00:13Z,7846,60,1,110.01,0,,,,,,,0,,comments disabled or all post-release
Migration,6/12/2023,cQfo0HJhCnE,Migration | Official Trailer,Illumination,2023-07-18T15:00:21Z,25732200,63322,1,70,0,,,,,,,0,,comments disabled or all post-release
Peninsula,15/7/2020,jkUDLwfbqtY,TRAIN TO BUSAN PRESENTS: PENINSULA (Official Trailer) 2020,Reliance Entertainment Philippines,2020-06-20T04:00:10Z,487,2,1,110,0,,,,,,,0,,comments disabled or all post-release
Hidden Face,20/11/2024,dC7kXN0kXjM,[English Subs] Hidden Face 히든 페이스 | Official Trailer #1| Subs by Culture Flipper,Culture Flipper,2024-11-04T00:02:15Z,4174,14,1,60,0,,,,,,,0,,comments disabled or all post-release
Sing 2,1/12/2021,EPZu5MA2uqI,Sing 2 - Official Trailer [HD],Illumination,2021-06-24T15:00:06Z,48647576,215287,1,70,0,,,,,,,0,,comments disabled or all post-release
Redeeming Love,21/1/2022,73dvTbtAHF4,Redeeming Love Official Trailer (2022),Trailers Clips,2021-11-28T09:00:11Z,993,1,1,60,0,,,,,,,0,,comments disabled or all post-release
The Garfield Movie,30/4/2024,IeFWNtMo1Fs,THE GARFIELD MOVIE - Official Trailer (HD),Sony Pictures Entertainment,2023-11-13T14:00:22Z,15075434,157379,1,120,0,,,,,,,0,,comments disabled or all post-release
Sonic the Hedgehog 2,30/3/2022,G5kzUpWAusI,"Sonic the Hedgehog 2 (2022) - ""Official Trailer"" - Paramount Pictures",Paramount Pictures,2021-12-10T01:41:15Z,40606347,507971,1,120,0,,,,,,,0,,comments disabled or all post-release
